Student_ID,Study_Hours,Attendance_Pct,Group_Discussion,Previous_Score,Final_Result
1,6,51,No,33,Pass
2,15,53,No,36,Pass
3,7,85,Yes,37,Fail
4,7,64,Yes,97,Pass
5,10,97,Yes,43,Pass
6,16,79,Yes,71,Fail
7,30,60,No,66,Pass
8,21,97,No,75,Fail
9,23,84,Yes,94,Pass
10,13,88,Yes,58,Fail
11,26,65,No,35,Pass
12,9,53,Yes,44,Fail
13,30,53,Yes,31,Pass
14,9,93,No,36,Pass
15,30,76,Yes,81,Fail
16,22,55,Yes,64,Pass
17,11,77,Yes,68,Pass
18,12,61,Yes,70,Pass
19,26,100,Yes,78,Pass
20,6,65,Yes,83,Pass
21,15,68,Yes,92,Fail
22,29,90,Yes,39,Pass
23,25,57,Yes,98,Pass
24,8,82,Yes,53,Fail
25,5,82,Yes,98,Fail
26,15,60,No,77,Fail
27,26,77,No,57,Pass
28,25,86,Yes,74,Pass
29,29,69,No,78,Pass
30,20,64,Yes,38,Pass
31,17,94,No,53,Pass
32,10,57,No,36,Fail
33,18,52,Yes,39,Fail
34,25,65,Yes,39,Pass
35,30,57,Yes,68,Fail
36,7,87,No,100,Pass
37,16,56,Yes,87,Fail
38,25,94,Yes,83,Fail
39,17,77,No,36,Fail
40,13,79,No,41,Fail
41,7,87,Yes,44,Fail
42,18,100,No,83,Pass
43,8,89,No,34,Pass
44,27,92,No,84,Fail
45,8,90,No,65,Pass
46,13,78,No,33,Pass
47,5,71,Yes,45,Pass
48,21,77,No,66,Pass
49,19,92,No,96,Fail
50,25,56,No,64,Fail
51,29,98,Yes,91,Pass
52,5,51,Yes,52,Fail
53,26,61,No,86,Pass
54,11,80,Yes,38,Fail
55,13,94,Yes,50,Fail
56,21,91,Yes,32,Fail
57,10,71,Yes,82,Pass
58,19,76,Yes,52,Pass
59,20,95,Yes,75,Fail
60,15,76,No,84,Pass
61,17,77,No,30,Fail
62,12,71,Yes,81,Pass
63,28,89,No,41,Pass
64,26,83,Yes,97,Fail
65,23,83,Yes,39,Fail
66,26,60,Yes,79,Pass
67,9,64,Yes,75,Fail
68,17,96,Yes,72,Fail
69,16,77,No,68,Pass
70,9,80,Yes,82,Fail
71,6,93,No,78,Pass
72,12,82,Yes,79,Fail
73,8,54,No,94,Fail
74,14,54,Yes,74,Pass
75,11,87,No,31,Pass
76,26,91,Yes,49,Pass
77,13,72,Yes,83,Pass
78,8,99,Yes,96,Fail
79,13,53,No,74,Pass
80,21,74,Yes,56,Pass
81,6,59,Yes,55,Pass
82,25,84,No,44,Pass
83,20,100,No,86,Fail
84,22,85,No,45,Fail
85,29,83,No,35,Fail
86,22,55,No,92,Pass
87,22,81,No,49,Fail
88,28,57,Yes,30,Fail
89,28,65,Yes,100,Pass
90,28,67,No,53,Pass
91,10,58,Yes,87,Pass
92,19,82,Yes,36,Pass
93,11,66,No,77,Fail
94,16,79,Yes,57,Fail
95,24,73,Yes,38,Pass
96,16,65,No,45,Fail
97,16,79,No,90,Pass
98,14,100,No,91,Pass
99,26,70,Yes,45,Pass
100,7,92,No,55,Pass
